algorithm,FAIRNESS_METRIC,LAMBDA,LAMBDA_VALUE,EVALUATION_METRIC,EVALUATION_VALUE
NMF,KL,FIXED,0.0,MACE,0.0515106015037594
NMF,KL,FIXED,0.0,MAP,0.008856386999244141
NMF,KL,FIXED,0.0,MRR,0.026887755102040813
NMF,KL,FIXED,0.0,MC,0.5541121399069148
NMF,KL,FIXED,0.1,MACE,0.08176726817042605
NMF,KL,FIXED,0.1,MAP,0.016635109599395313
NMF,KL,FIXED,0.1,MRR,0.046419123204837494
NMF,KL,FIXED,0.1,MC,0.22967000405870341
NMF,KL,FIXED,0.2,MACE,0.08388097744360903
NMF,KL,FIXED,0.2,MAP,0.01965608465608466
NMF,KL,FIXED,0.2,MRR,0.0537490551776266
NMF,KL,FIXED,0.2,MC,0.21807613172892598
NMF,KL,FIXED,0.3,MACE,0.08411561403508773
NMF,KL,FIXED,0.3,MAP,0.02316213151927438
NMF,KL,FIXED,0.3,MRR,0.06139455782312925
NMF,KL,FIXED,0.3,MC,0.215806081641736
NMF,KL,FIXED,0.4,MACE,0.08516443609022556
NMF,KL,FIXED,0.4,MAP,0.023476946334089192
NMF,KL,FIXED,0.4,MRR,0.06339758125472411
NMF,KL,FIXED,0.4,MC,0.21409393431989115
NMF,KL,FIXED,0.5,MACE,0.0855211528822055
NMF,KL,FIXED,0.5,MAP,0.02616005291005291
NMF,KL,FIXED,0.5,MRR,0.07168556311413454
NMF,KL,FIXED,0.5,MC,0.2133933787265522
NMF,KL,FIXED,0.6,MACE,0.08590145363408522
NMF,KL,FIXED,0.6,MAP,0.02674244142101285
NMF,KL,FIXED,0.6,MRR,0.07135487528344671
NMF,KL,FIXED,0.6,MC,0.2130628761557141
NMF,KL,FIXED,0.7,MACE,0.08587558897243108
NMF,KL,FIXED,0.7,MAP,0.027672146636432353
NMF,KL,FIXED,0.7,MRR,0.0725453514739229
NMF,KL,FIXED,0.7,MC,0.21290556616516015
NMF,KL,FIXED,0.8,MACE,0.08618147869674185
NMF,KL,FIXED,0.8,MAP,0.029196334089191235
NMF,KL,FIXED,0.8,MRR,0.07788737717309147
NMF,KL,FIXED,0.8,MC,0.2125870778912558
NMF,KL,FIXED,0.9,MACE,0.0859650626566416
NMF,KL,FIXED,0.9,MAP,0.029180461073318217
NMF,KL,FIXED,0.9,MRR,0.07725245653817081
NMF,KL,FIXED,0.9,MC,0.2127157529236086
NMF,KL,FIXED,1.0,MACE,0.08601428571428571
NMF,KL,FIXED,1.0,MAP,0.028711640211640212
NMF,KL,FIXED,1.0,MRR,0.07611489040060468
NMF,KL,FIXED,1.0,MC,0.21264720511403437
NMF,KL,COUNT_GENRES,CGR,MACE,0.08619989974937342
NMF,KL,COUNT_GENRES,CGR,MAP,0.02916005291005291
NMF,KL,COUNT_GENRES,CGR,MRR,0.07764361300075585
NMF,KL,COUNT_GENRES,CGR,MC,0.21268734779991966
NMF,KL,VARIANCE,VAR,MACE,0.08594453634085213
NMF,KL,VARIANCE,VAR,MAP,0.02865873015873016
NMF,KL,VARIANCE,VAR,MRR,0.07606198034769462
NMF,KL,VARIANCE,VAR,MC,0.2126384401529628
NMF,HE,FIXED,0.0,MACE,0.0515106015037594
NMF,HE,FIXED,0.0,MAP,0.008856386999244141
NMF,HE,FIXED,0.0,MRR,0.026887755102040813
NMF,HE,FIXED,0.0,MC,0.778222669306251
NMF,HE,FIXED,0.1,MACE,0.05879112781954887
NMF,HE,FIXED,0.1,MAP,0.015456160241874527
NMF,HE,FIXED,0.1,MRR,0.04374338624338624
NMF,HE,FIXED,0.1,MC,0.5813621569280997
NMF,HE,FIXED,0.2,MACE,0.05859007518796993
NMF,HE,FIXED,0.2,MAP,0.015536092214663642
NMF,HE,FIXED,0.2,MRR,0.044620181405895694
NMF,HE,FIXED,0.2,MC,0.5632408949813232
NMF,HE,FIXED,0.3,MACE,0.058857218045112784
NMF,HE,FIXED,0.3,MAP,0.014752456538170824
NMF,HE,FIXED,0.3,MRR,0.042133408919123205
NMF,HE,FIXED,0.3,MC,0.5367504102286252
NMF,HE,FIXED,0.4,MACE,0.06091781954887217
NMF,HE,FIXED,0.4,MAP,0.017671579743008314
NMF,HE,FIXED,0.4,MRR,0.051003401360544216
NMF,HE,FIXED,0.4,MC,0.5032726921985378
NMF,HE,FIXED,0.5,MACE,0.06285531328320802
NMF,HE,FIXED,0.5,MAP,0.017737717309145883
NMF,HE,FIXED,0.5,MRR,0.05161186696900984
NMF,HE,FIXED,0.5,MC,0.46807222661501857
NMF,HE,FIXED,0.6,MACE,0.0656068671679198
NMF,HE,FIXED,0.6,MAP,0.018817649281934995
NMF,HE,FIXED,0.6,MRR,0.05589758125472411
NMF,HE,FIXED,0.6,MC,0.432357041966005
NMF,HE,FIXED,0.7,MACE,0.06766754385964911
NMF,HE,FIXED,0.7,MAP,0.017089191232048374
NMF,HE,FIXED,0.7,MRR,0.048306878306878305
NMF,HE,FIXED,0.7,MC,0.40814255535873384
NMF,HE,FIXED,0.8,MACE,0.0696284962406015
NMF,HE,FIXED,0.8,MAP,0.016876228269085414
NMF,HE,FIXED,0.8,MRR,0.04736772486772487
NMF,HE,FIXED,0.8,MC,0.39595381006045877
NMF,HE,FIXED,0.9,MACE,0.07035491228070175
NMF,HE,FIXED,0.9,MAP,0.023286659108087682
NMF,HE,FIXED,0.9,MRR,0.062420634920634925
NMF,HE,FIXED,0.9,MC,0.39304186183559203
NMF,HE,FIXED,1.0,MACE,0.06904253132832079
NMF,HE,FIXED,1.0,MAP,0.027725056689342404
NMF,HE,FIXED,1.0,MRR,0.076494708994709
NMF,HE,FIXED,1.0,MC,0.3896395793647676
NMF,HE,COUNT_GENRES,CGR,MACE,0.06994082706766917
NMF,HE,COUNT_GENRES,CGR,MAP,0.023052154195011335
NMF,HE,COUNT_GENRES,CGR,MRR,0.06324074074074074
NMF,HE,COUNT_GENRES,CGR,MC,0.3966125876488942
NMF,HE,VARIANCE,VAR,MACE,0.06958395989974936
NMF,HE,VARIANCE,VAR,MAP,0.02478476946334089
NMF,HE,VARIANCE,VAR,MRR,0.06753590325018897
NMF,HE,VARIANCE,VAR,MC,0.3904341800092846
NMF,CHI,FIXED,0.0,MACE,0.0515106015037594
NMF,CHI,FIXED,0.0,MAP,0.008856386999244141
NMF,CHI,FIXED,0.0,MRR,0.026887755102040813
NMF,CHI,FIXED,0.0,MC,0.5515329173316112
NMF,CHI,FIXED,0.1,MACE,0.07873197994987469
NMF,CHI,FIXED,0.1,MAP,0.027333333333333334
NMF,CHI,FIXED,0.1,MRR,0.07466175359032501
NMF,CHI,FIXED,0.1,MC,0.1727256080163394
NMF,CHI,FIXED,0.2,MACE,0.07739318295739347
NMF,CHI,FIXED,0.2,MAP,0.028697467876039308
NMF,CHI,FIXED,0.2,MRR,0.07801398337112624
NMF,CHI,FIXED,0.2,MC,0.17268213275587033
NMF,CHI,FIXED,0.3,MACE,0.07620230576441103
NMF,CHI,FIXED,0.3,MAP,0.028776832955404386
NMF,CHI,FIXED,0.3,MRR,0.07865646258503402
NMF,CHI,FIXED,0.3,MC,0.17267342311908937
NMF,CHI,FIXED,0.4,MACE,0.07568167919799498
NMF,CHI,FIXED,0.4,MAP,0.028157785336356767
NMF,CHI,FIXED,0.4,MRR,0.07683106575963719
NMF,CHI,FIXED,0.4,MC,0.1725854635125816
NMF,CHI,FIXED,0.5,MACE,0.07505130325814537
NMF,CHI,FIXED,0.5,MAP,0.027642668178382467
NMF,CHI,FIXED,0.5,MRR,0.0762358276643991
NMF,CHI,FIXED,0.5,MC,0.1725342867718298
NMF,CHI,FIXED,0.6,MACE,0.0742542857142857
NMF,CHI,FIXED,0.6,MAP,0.027548185941043087
NMF,CHI,FIXED,0.6,MRR,0.07688397581254723
NMF,CHI,FIXED,0.6,MC,0.17251025489234606
NMF,CHI,FIXED,0.7,MACE,0.07372578947368422
NMF,CHI,FIXED,0.7,MAP,0.027895313681027965
NMF,CHI,FIXED,0.7,MRR,0.0771012849584278
NMF,CHI,FIXED,0.7,MC,0.17249103531734603
NMF,CHI,FIXED,0.8,MACE,0.07325731829573935
NMF,CHI,FIXED,0.8,MAP,0.02825566893424036
NMF,CHI,FIXED,0.8,MRR,0.07794784580498867
NMF,CHI,FIXED,0.8,MC,0.1724175046567358
NMF,CHI,FIXED,0.9,MACE,0.0731364411027569
NMF,CHI,FIXED,0.9,MAP,0.028934051398337116
NMF,CHI,FIXED,0.9,MRR,0.0799829931972789
NMF,CHI,FIXED,0.9,MC,0.17241137768137293
NMF,CHI,FIXED,1.0,MACE,0.07310135338345865
NMF,CHI,FIXED,1.0,MAP,0.02906689342403628
NMF,CHI,FIXED,1.0,MRR,0.07923469387755103
NMF,CHI,FIXED,1.0,MC,0.17240896914619866
NMF,CHI,COUNT_GENRES,CGR,MACE,0.07330210526315789
NMF,CHI,COUNT_GENRES,CGR,MAP,0.02820219198790628
NMF,CHI,COUNT_GENRES,CGR,MRR,0.07746598639455782
NMF,CHI,COUNT_GENRES,CGR,MC,0.17241854537690507
NMF,CHI,VARIANCE,VAR,MACE,0.07311343358395991
NMF,CHI,VARIANCE,VAR,MAP,0.02906160241874528
NMF,CHI,VARIANCE,VAR,MRR,0.07965797430083145
NMF,CHI,VARIANCE,VAR,MC,0.1724091644842116
